timestamp,temperature
2026-01-01 00:00:00,45.397371322408986
2026-01-01 00:10:00,44.99939190253973
2026-01-01 00:20:00,45.73811752143375
2026-01-01 00:30:00,46.548273947553675
2026-01-01 00:40:00,45.25229081010723
2026-01-01 00:50:00,45.36190756772485
2026-01-01 01:00:00,46.921991348910566
2026-01-01 01:10:00,46.38173342661358
2026-01-01 01:20:00,45.50109160440335
2026-01-01 01:30:00,46.419285992087985
2026-01-01 01:40:00,45.72271259982544
2026-01-01 01:50:00,45.82867442265825
2026-01-01 02:00:00,46.502203069508624
2026-01-01 02:10:00,44.884908693864666
2026-01-01 02:20:00,45.14198411695028
2026-01-01 02:30:00,46.17792116006407
2026-01-01 02:40:00,45.92272806697321
2026-01-01 02:50:00,47.08900349695046
2026-01-01 03:00:00,46.21513208613866
2026-01-01 03:10:00,45.91494957618687
2026-01-01 03:20:00,48.31981092688069
2026-01-01 03:30:00,47.06839143511884
2026-01-01 03:40:00,47.40394010930056
2026-01-01 03:50:00,46.31017221608707
2026-01-01 04:00:00,47.113629938327506
2026-01-01 04:10:00,47.73611601503916
2026-01-01 04:20:00,46.8238660875411
2026-01-01 04:30:00,48.141508643212376
2026-01-01 04:40:00,47.45570031794965
2026-01-01 04:50:00,47.79705497441504
2026-01-01 05:00:00,47.64214737749196
2026-01-01 05:10:00,49.697308660603994
2026-01-01 05:20:00,48.295499747341935
2026-01-01 05:30:00,47.54974584703278
2026-01-01 05:40:00,49.142341390115234
2026-01-01 05:50:00,47.59476386656199
2026-01-01 06:00:00,48.82437459622153
2026-01-01 06:10:00,47.17407382940728
2026-01-01 06:20:00,47.76243876681439
2026-01-01 06:30:00,49.064276475087745
2026-01-01 06:40:00,49.57795411889434
2026-01-01 06:50:00,49.20323418399687
2026-01-01 07:00:00,49.05111739436413
2026-01-01 07:10:00,48.97876028843539
2026-01-01 07:20:00,48.11131724264134
2026-01-01 07:30:00,48.79120963187211
2026-01-01 07:40:00,49.06995754387446
2026-01-01 07:50:00,50.353958753471176
2026-01-01 08:00:00,49.85133295364024
2026-01-01 08:10:00,48.23254521866016
2026-01-01 08:20:00,49.96712260005582
2026-01-01 08:30:00,49.46298479592427
2026-01-01 08:40:00,49.29100405649245
2026-01-01 08:50:00,50.38164897332816
2026-01-01 09:00:00,50.77512919296204
2026-01-01 09:10:00,50.75161144615069
2026-01-01 09:20:00,49.38968875286497
2026-01-01 09:30:00,49.866368150469015
2026-01-01 09:40:00,50.429606869562264
2026-01-01 09:50:00,50.99405675432858
2026-01-01 10:00:00,49.877456640160496
2026-01-01 10:10:00,50.1575802108749
2026-01-01 10:20:00,49.464472638663494
2026-01-01 10:30:00,49.43411703931867
2026-01-01 10:40:00,51.08074060000212
2026-01-01 10:50:00,51.55343360059328
2026-01-01 11:00:00,50.446628063987724
2026-01-01 11:10:00,51.34091969746089
2026-01-01 11:20:00,50.85931251289537
2026-01-01 11:30:00,50.08386253886839
2026-01-01 11:40:00,50.91706583504973
2026-01-01 11:50:00,51.884398778142085
2026-01-01 12:00:00,50.649351630391195
2026-01-01 12:10:00,51.95178747244016
2026-01-01 12:20:00,48.62434888015715
2026-01-01 12:30:00,51.395747687271204
2026-01-01 12:40:00,50.82394913522921
2026-01-01 12:50:00,50.52919404342548
2026-01-01 13:00:00,50.85389800315902
2026-01-01 13:10:00,49.20052389160378
2026-01-01 13:20:00,50.62293130573831
2026-01-01 13:30:00,51.09044958537284
2026-01-01 13:40:00,51.9911679632099
2026-01-01 13:50:00,50.3963346057946
2026-01-01 14:00:00,50.164261969516666
2026-01-01 14:10:00,50.407769268245566
2026-01-01 14:20:00,51.537631385046026
2026-01-01 14:30:00,51.06246765277639
2026-01-01 14:40:00,50.367844303555344
2026-01-01 14:50:00,51.192487871421804
2026-01-01 15:00:00,50.84780109477031
2026-01-01 15:10:00,51.5313725477395
2026-01-01 15:20:00,50.17919342658128
2026-01-01 15:30:00,50.46115762904729
2026-01-01 15:40:00,50.39013538979319
2026-01-01 15:50:00,49.51163943088233
2026-01-01 16:00:00,50.896084551039245
2026-01-01 16:10:00,50.84289025882589
2026-01-01 16:20:00,50.61112935023579
2026-01-01 16:30:00,50.39051106069992
2026-01-01 16:40:00,49.41519154148908
2026-01-01 16:50:00,50.17846071041186
2026-01-01 17:00:00,50.206492662566504
2026-01-01 17:10:00,49.80274596973361
2026-01-01 17:20:00,50.277677369245815
2026-01-01 17:30:00,50.690338569747055
2026-01-01 17:40:00,51.83471218979387
2026-01-01 17:50:00,50.422385479519775
2026-01-01 18:00:00,50.444038697552706
2026-01-01 18:10:00,50.13205409658503
2026-01-01 18:20:00,48.60856614795982
2026-01-01 18:30:00,50.072727371932174
2026-01-01 18:40:00,50.09088491449604
2026-01-01 18:50:00,51.96048813121999
2026-01-01 19:00:00,49.781655910220856
2026-01-01 19:10:00,50.12091508590165
2026-01-01 19:20:00,49.79454896554822
2026-01-01 19:30:00,48.82855270642118
2026-01-01 19:40:00,50.61749326164408
2026-01-01 19:50:00,50.2431125351253
2026-01-01 20:00:00,50.211342661591395
2026-01-01 20:10:00,48.78660725377142
2026-01-01 20:20:00,50.570631661641954
2026-01-01 20:30:00,48.25990353097687
2026-01-01 20:40:00,49.782598205310016
2026-01-01 20:50:00,50.995976472419024
2026-01-01 21:00:00,48.380485448777115
2026-01-01 21:10:00,48.64801423983257
2026-01-01 21:20:00,49.10777955548703
2026-01-01 21:30:00,48.551185305776436
2026-01-01 21:40:00,47.63827741555572
2026-01-01 21:50:00,48.85746990321533
2026-01-01 22:00:00,47.87559142528367
2026-01-01 22:10:00,49.0261616004912
2026-01-01 22:20:00,47.832675176663656
2026-01-01 22:30:00,49.728198276534535
2026-01-01 22:40:00,47.78082957585246
2026-01-01 22:50:00,48.068146052899095
2026-01-01 23:00:00,48.8941903524024
2026-01-01 23:10:00,47.175521664749944
2026-01-01 23:20:00,48.25831009986423
2026-01-01 23:30:00,49.03751543592263
2026-01-01 23:40:00,46.6206415903066
2026-01-01 23:50:00,47.968568147340214
2026-01-02 00:00:00,47.94244442514573
2026-01-02 00:10:00,48.273156394943214
2026-01-02 00:20:00,46.57081895388458
2026-01-02 00:30:00,46.416256104612906
2026-01-02 00:40:00,47.80201607344617
2026-01-02 00:50:00,47.53353080491532
2026-01-02 01:00:00,47.40749582207754
2026-01-02 01:10:00,47.39513635426224
2026-01-02 01:20:00,46.48459167584174
2026-01-02 01:30:00,47.12484524806168
2026-01-02 01:40:00,47.08376810733005
2026-01-02 01:50:00,46.187973729296914
2026-01-02 02:00:00,48.16213604910784
2026-01-02 02:10:00,46.95860117288344
2026-01-02 02:20:00,45.5365072491542
2026-01-02 02:30:00,46.92484495597248
2026-01-02 02:40:00,45.52998554828185
2026-01-02 02:50:00,46.84964412725125
2026-01-02 03:00:00,47.057255116102
2026-01-02 03:10:00,45.38443149749118
2026-01-02 03:20:00,46.722513208680965
2026-01-02 03:30:00,46.19314792248461
2026-01-02 03:40:00,46.431997665452954
2026-01-02 03:50:00,47.203565193121484
2026-01-02 04:00:00,45.401995786942486
2026-01-02 04:10:00,44.907926156721224
2026-01-02 04:20:00,44.712384647867125
2026-01-02 04:30:00,44.68494013212374
2026-01-02 04:40:00,45.1900487921126
2026-01-02 04:50:00,45.4393815160702
2026-01-02 05:00:00,45.303168440102084
2026-01-02 05:10:00,45.65958221253248
2026-01-02 05:20:00,44.9249584825417
2026-01-02 05:30:00,45.99484444378898
2026-01-02 05:40:00,44.53852780446933
2026-01-02 05:50:00,46.84543727764558
2026-01-02 06:00:00,45.089733463539545
2026-01-02 06:10:00,43.8242561925338
2026-01-02 06:20:00,43.574971592696215
2026-01-02 06:30:00,44.74032289944216
2026-01-02 06:40:00,44.09922507680254
2026-01-02 06:50:00,44.77387154258306
2026-01-02 07:00:00,44.506996726174265
2026-01-02 07:10:00,43.99697232124453
2026-01-02 07:20:00,43.30575591878344
2026-01-02 07:30:00,42.700427993104384
2026-01-02 07:40:00,43.48540048553469
2026-01-02 07:50:00,44.459261831974224
2026-01-02 08:00:00,43.87820320695654
2026-01-02 08:10:00,42.64440855843782
2026-01-02 08:20:00,43.71493202090508
2026-01-02 08:30:00,43.82137505981515
2026-01-02 08:40:00,42.74414456934703
2026-01-02 08:50:00,43.513724211108546
2026-01-02 09:00:00,43.37825715254228
2026-01-02 09:10:00,42.35972005900613
2026-01-02 09:20:00,43.504219413740984
2026-01-02 09:30:00,43.61202392928649
2026-01-02 09:40:00,43.97678348042898
2026-01-02 09:50:00,43.90189492487297
2026-01-02 10:00:00,41.90681780476016
2026-01-02 10:10:00,42.210406464797906
2026-01-02 10:20:00,43.32604440777214
2026-01-02 10:30:00,43.28005381505086
2026-01-02 10:40:00,43.23775322644905
2026-01-02 10:50:00,45.866292783062164
2026-01-02 11:00:00,43.20093564858869
2026-01-02 11:10:00,43.61453449511497
2026-01-02 11:20:00,43.43290449000674
2026-01-02 11:30:00,43.15621808475088
2026-01-02 11:40:00,42.35009044334784
2026-01-02 11:50:00,43.178497844799494
2026-01-02 12:00:00,41.923911196916166
2026-01-02 12:10:00,42.32541331801395
2026-01-02 12:20:00,42.10113705949336
2026-01-02 12:30:00,42.53136394276093
2026-01-02 12:40:00,44.29591868609343
2026-01-02 12:50:00,40.930610020892466
2026-01-02 13:00:00,42.95557572165525
2026-01-02 13:10:00,41.100466464446974
2026-01-02 13:20:00,41.99910183348482
2026-01-02 13:30:00,43.235762141500665
2026-01-02 13:40:00,42.40593501208105
2026-01-02 13:50:00,41.484187542409536
2026-01-02 14:00:00,41.767983055178654
2026-01-02 14:10:00,42.8797236361787
2026-01-02 14:20:00,41.74955397876127
2026-01-02 14:30:00,42.50680331866667
2026-01-02 14:40:00,42.37187448575491
2026-01-02 14:50:00,41.817911998210185
2026-01-02 15:00:00,44.060119999666185
2026-01-02 15:10:00,42.859871282386266
2026-01-02 15:20:00,40.74239311138616
2026-01-02 15:30:00,42.52344162411699
2026-01-02 15:40:00,41.8586191631156
2026-01-02 15:50:00,43.08576283242491
2026-01-02 16:00:00,41.787562767477034
2026-01-02 16:10:00,42.349545661492535
2026-01-02 16:20:00,42.86706845905223
2026-01-02 16:30:00,43.179410283796685
2026-01-02 16:40:00,41.55227467998947
2026-01-02 16:50:00,42.27258840065803
2026-01-02 17:00:00,42.189875563828004
2026-01-02 17:10:00,42.07876783714946
2026-01-02 17:20:00,44.04734237743831
2026-01-02 17:30:00,42.99445105275361
2026-01-02 17:40:00,41.69917396571877
2026-01-02 17:50:00,43.481503916654496
2026-01-02 18:00:00,44.48617860216958
2026-01-02 18:10:00,43.65755870298031
2026-01-02 18:20:00,41.66110368749285
2026-01-02 18:30:00,42.53609188262089
2026-01-02 18:40:00,43.985739108565525
2026-01-02 18:50:00,42.456641744769
2026-01-02 19:00:00,43.43021984526779
2026-01-02 19:10:00,43.749061438194886
2026-01-02 19:20:00,42.44378494673937
2026-01-02 19:30:00,43.195451018118064
2026-01-02 19:40:00,40.70954716814199
2026-01-02 19:50:00,42.54426863139249
2026-01-02 20:00:00,43.22464941224603
2026-01-02 20:10:00,42.493088895961264
2026-01-02 20:20:00,44.86352047225173
2026-01-02 20:30:00,42.48139628807107
2026-01-02 20:40:00,43.34301057376658
2026-01-02 20:50:00,43.870770399077664
2026-01-02 21:00:00,44.991898896175655
2026-01-02 21:10:00,42.76443834911136
2026-01-02 21:20:00,44.91942666010763
2026-01-02 21:30:00,44.074343176570125
2026-01-02 21:40:00,43.359677457801844
2026-01-02 21:50:00,44.59473390431141
2026-01-02 22:00:00,44.4658766612359
2026-01-02 22:10:00,43.909415590388456
2026-01-02 22:20:00,44.529744175809604
2026-01-02 22:30:00,44.25128855402247
2026-01-02 22:40:00,44.73728348964219
2026-01-02 22:50:00,45.26436682617922
2026-01-02 23:00:00,46.09289963176889
2026-01-02 23:10:00,43.924457126756316
2026-01-02 23:20:00,46.71292678292301
2026-01-02 23:30:00,43.53775490024667
2026-01-02 23:40:00,45.072023454876174
2026-01-02 23:50:00,45.75919941607339
2026-01-03 00:00:00,45.6094669614864
2026-01-03 00:10:00,44.983640918311764
2026-01-03 00:20:00,45.4133942055483
2026-01-03 00:30:00,45.284511903158695
2026-01-03 00:40:00,45.307335060700574
2026-01-03 00:50:00,46.55928036907805
2026-01-03 01:00:00,46.26680421175771
2026-01-03 01:10:00,45.52924195259325
2026-01-03 01:20:00,46.906375063369346
2026-01-03 01:30:00,46.53637079738174
2026-01-03 01:40:00,47.04532984769397
2026-01-03 01:50:00,47.00388735406391
2026-01-03 02:00:00,45.94272950327071
2026-01-03 02:10:00,46.264080723703096
2026-01-03 02:20:00,47.416880781450836
2026-01-03 02:30:00,47.41464402598801
2026-01-03 02:40:00,47.01737111409108
2026-01-03 02:50:00,47.23610243833961
2026-01-03 03:00:00,48.272884903618035
2026-01-03 03:10:00,46.88633324441312
2026-01-03 03:20:00,47.90639101248636
2026-01-03 03:30:00,47.416327477470496
2026-01-03 03:40:00,47.51351112643384
2026-01-03 03:50:00,48.6764182334698
2026-01-03 04:00:00,48.5675967762699
2026-01-03 04:10:00,48.66802469197175
2026-01-03 04:20:00,49.171599679900915
2026-01-03 04:30:00,48.25402572888111
2026-01-03 04:40:00,48.89275742732827
2026-01-03 04:50:00,48.2088804294338
2026-01-03 05:00:00,48.82621213663653
2026-01-03 05:10:00,48.572396357856135
2026-01-03 05:20:00,48.86354599944984
2026-01-03 05:30:00,49.371280183270734
2026-01-03 05:40:00,48.3495105843525
2026-01-03 05:50:00,50.78661718435402
2026-01-03 06:00:00,48.416161913546205
2026-01-03 06:10:00,48.35750230346215
2026-01-03 06:20:00,50.362789041803715
2026-01-03 06:30:00,50.17660844829374
2026-01-03 06:40:00,50.14904411181007
2026-01-03 06:50:00,50.25834806285407
2026-01-03 07:00:00,49.85121270259266
2026-01-03 07:10:00,49.247922027151205
2026-01-03 07:20:00,50.130423631511974
2026-01-03 07:30:00,49.63140651698557
2026-01-03 07:40:00,51.05585167767694
2026-01-03 07:50:00,50.259957051234636
2026-01-03 08:00:00,49.818242591644335
2026-01-03 08:10:00,50.32172298580699
2026-01-03 08:20:00,51.00848597869233
2026-01-03 08:30:00,50.32555245679471
2026-01-03 08:40:00,50.2161938426433
2026-01-03 08:50:00,51.1653697945867
2026-01-03 09:00:00,51.26182038002506
2026-01-03 09:10:00,50.75466274633804
2026-01-03 09:20:00,50.8766661284525
2026-01-03 09:30:00,51.531292225280566
2026-01-03 09:40:00,50.278183463677244
2026-01-03 09:50:00,50.400489343507125
2026-01-03 10:00:00,51.04029325808981
2026-01-03 10:10:00,51.53162660149869
2026-01-03 10:20:00,52.037162549575854
2026-01-03 10:30:00,53.05345971548747
2026-01-03 10:40:00,52.64269686562333
2026-01-03 10:50:00,51.91063959574078
2026-01-03 11:00:00,52.10399673001818
2026-01-03 11:10:00,51.39637526247269
2026-01-03 11:20:00,52.26131941374866
2026-01-03 11:30:00,52.12144920272274
2026-01-03 11:40:00,52.68528568281283
2026-01-03 11:50:00,51.838523440729986
2026-01-03 12:00:00,52.987420134242306
2026-01-03 12:10:00,53.868181497711745
2026-01-03 12:20:00,52.623418396013996
2026-01-03 12:30:00,53.09859737326197
2026-01-03 12:40:00,53.394487287257434
2026-01-03 12:50:00,52.584860379287804
2026-01-03 13:00:00,53.1468745886065
2026-01-03 13:10:00,53.03771685275457
2026-01-03 13:20:00,53.164084610287915
2026-01-03 13:30:00,52.524075858361115
2026-01-03 13:40:00,53.21685232216899
2026-01-03 13:50:00,53.648605956796
2026-01-03 14:00:00,54.46227081411521
2026-01-03 14:10:00,54.118090200979495
2026-01-03 14:20:00,55.120690403988554
2026-01-03 14:30:00,52.82987558731701
2026-01-03 14:40:00,54.18534340923107
2026-01-03 14:50:00,53.6760043404
2026-01-03 15:00:00,55.32111475896
2026-01-03 15:10:00,52.960661329032526
2026-01-03 15:20:00,52.971624690216615
2026-01-03 15:30:00,53.198054479433665
2026-01-03 15:40:00,52.01067301110509
2026-01-03 15:50:00,53.31945224681104
2026-01-03 16:00:00,53.16105438495869
2026-01-03 16:10:00,53.915010052419824
2026-01-03 16:20:00,54.09245804230704
2026-01-03 16:30:00,55.342366161813665
2026-01-03 16:40:00,54.622157833732
2026-01-03 16:50:00,53.418694003815304
2026-01-03 17:00:00,53.177888893698245
2026-01-03 17:10:00,54.304562650291764
2026-01-03 17:20:00,52.867248651047284
2026-01-03 17:30:00,55.399010395066696
2026-01-03 17:40:00,54.88580374756484
2026-01-03 17:50:00,53.573320141469054
2026-01-03 18:00:00,52.58256423595663
2026-01-03 18:10:00,55.03858537800063
2026-01-03 18:20:00,53.86427868292259
2026-01-03 18:30:00,54.94459798482126
2026-01-03 18:40:00,52.67525311008542
2026-01-03 18:50:00,53.465766870099415
2026-01-03 19:00:00,53.941961064177875
2026-01-03 19:10:00,53.96588436403956
2026-01-03 19:20:00,53.55682365538282
2026-01-03 19:30:00,54.401783054157484
2026-01-03 19:40:00,53.03409412552344
2026-01-03 19:50:00,53.757044655521355
2026-01-03 20:00:00,53.94802383770647
2026-01-03 20:10:00,54.24227047065175
2026-01-03 20:20:00,54.37704878997408
2026-01-03 20:30:00,52.88319929973208
2026-01-03 20:40:00,52.528910265019455
2026-01-03 20:50:00,54.749778918301566
2026-01-03 21:00:00,53.963087189456466
2026-01-03 21:10:00,53.06622409369038
2026-01-03 21:20:00,54.87190796289294
2026-01-03 21:30:00,53.68771248011802
2026-01-03 21:40:00,54.50102856965007
2026-01-03 21:50:00,53.5722743528984
2026-01-03 22:00:00,55.125797084551195
2026-01-03 22:10:00,54.8387014546318
2026-01-03 22:20:00,53.19079946836779
2026-01-03 22:30:00,54.12110331130573
2026-01-03 22:40:00,53.812379283469134
2026-01-03 22:50:00,54.34159506339759
2026-01-03 23:00:00,52.42376542148482
2026-01-03 23:10:00,53.691987206973096
2026-01-03 23:20:00,53.93577998035782
2026-01-03 23:30:00,51.62642130193025
2026-01-03 23:40:00,52.02968298354225
2026-01-03 23:50:00,51.28631220883633
2026-01-04 00:00:00,52.64213933544807
2026-01-04 00:10:00,53.37025217051891
2026-01-04 00:20:00,53.9352728629826
2026-01-04 00:30:00,52.72847632910109
2026-01-04 00:40:00,53.90658033041898
2026-01-04 00:50:00,51.43279843036529
2026-01-04 01:00:00,51.10610038850548
2026-01-04 01:10:00,52.35506119626755
2026-01-04 01:20:00,52.63624272801466
2026-01-04 01:30:00,52.23115578847449
2026-01-04 01:40:00,50.530542004040186
2026-01-04 01:50:00,52.039279757880784
2026-01-04 02:00:00,50.992009873645436
2026-01-04 02:10:00,52.49529677580791
2026-01-04 02:20:00,52.17580858800394
2026-01-04 02:30:00,51.05263022247695
2026-01-04 02:40:00,51.31451258531805
2026-01-04 02:50:00,50.798410950552174
2026-01-04 03:00:00,51.514953652894754
2026-01-04 03:10:00,52.24770174026794
2026-01-04 03:20:00,50.6127103968584
2026-01-04 03:30:00,51.721481114740456
2026-01-04 03:40:00,50.81027701606293
2026-01-04 03:50:00,50.51574810049144
2026-01-04 04:00:00,50.97934715842634
2026-01-04 04:10:00,50.15110252579558
2026-01-04 04:20:00,50.45014000680015
2026-01-04 04:30:00,49.84799683185314
2026-01-04 04:40:00,52.29083428143895
2026-01-04 04:50:00,50.659574280895775
2026-01-04 05:00:00,49.983485611163466
2026-01-04 05:10:00,50.62598508007528
2026-01-04 05:20:00,50.27614578999427
2026-01-04 05:30:00,50.10015109256339
2026-01-04 05:40:00,50.67892977411758
2026-01-04 05:50:00,50.70406305828613
2026-01-04 06:00:00,49.58394710108409
2026-01-04 06:10:00,49.45785509456265
2026-01-04 06:20:00,49.60854047425018
2026-01-04 06:30:00,47.89706749587689
2026-01-04 06:40:00,48.43646461803372
2026-01-04 06:50:00,50.65216036376341
2026-01-04 07:00:00,50.7847490297904
2026-01-04 07:10:00,49.17977032080061
2026-01-04 07:20:00,49.750619313577566
2026-01-04 07:30:00,49.448938607525236
2026-01-04 07:40:00,51.573837798263995
2026-01-04 07:50:00,49.91745735992296
2026-01-04 08:00:00,48.83083682550529
2026-01-04 08:10:00,48.08046065606499
2026-01-04 08:20:00,47.47184601798507
2026-01-04 08:30:00,48.83231116299354
2026-01-04 08:40:00,47.97746294047611
2026-01-04 08:50:00,47.358248755122005
2026-01-04 09:00:00,47.89284510463838
2026-01-04 09:10:00,47.459498583557746
2026-01-04 09:20:00,49.5897039034113
2026-01-04 09:30:00,48.86121394560098
2026-01-04 09:40:00,48.06613114559197
2026-01-04 09:50:00,49.17380462218802
2026-01-04 10:00:00,47.969854010199164
2026-01-04 10:10:00,47.13784881535536
2026-01-04 10:20:00,48.96513544596692
2026-01-04 10:30:00,48.09840352102608
2026-01-04 10:40:00,46.7590329058299
2026-01-04 10:50:00,47.359063652409795
2026-01-04 11:00:00,46.734330181058404
2026-01-04 11:10:00,46.2530952179631
2026-01-04 11:20:00,48.02584148858347
2026-01-04 11:30:00,48.73908521671204
2026-01-04 11:40:00,46.02047164692366
2026-01-04 11:50:00,47.518629138226615
2026-01-04 12:00:00,46.477854409429774
2026-01-04 12:10:00,46.540001503578885
2026-01-04 12:20:00,46.38837011668991
2026-01-04 12:30:00,46.104957155047956
2026-01-04 12:40:00,46.77014311426176
2026-01-04 12:50:00,46.00308321888424
2026-01-04 13:00:00,46.82209712776126
2026-01-04 13:10:00,46.5048292374199
2026-01-04 13:20:00,46.29457733588331
2026-01-04 13:30:00,45.70185659935655
2026-01-04 13:40:00,45.91014506176197
2026-01-04 13:50:00,46.921039086997844
2026-01-04 14:00:00,46.66415915699851
2026-01-04 14:10:00,45.429641155502736
2026-01-04 14:20:00,46.24099648321123
2026-01-04 14:30:00,46.71409503326206
2026-01-04 14:40:00,44.73054863487984
2026-01-04 14:50:00,46.45550413664367
2026-01-04 15:00:00,45.447137802314224
2026-01-04 15:10:00,46.39183570980383
2026-01-04 15:20:00,45.284589309206865
2026-01-04 15:30:00,44.41287077486529
2026-01-04 15:40:00,44.518081658920735
2026-01-04 15:50:00,45.82370072098128
2026-01-04 16:00:00,45.95992387659248
2026-01-04 16:10:00,44.99741888201787
2026-01-04 16:20:00,46.20230216426317
2026-01-04 16:30:00,44.33461365189167
2026-01-04 16:40:00,45.585227899481005
2026-01-04 16:50:00,44.64541564622008
2026-01-04 17:00:00,45.070784967163966
2026-01-04 17:10:00,45.610099211057545
2026-01-04 17:20:00,44.8656892086337
2026-01-04 17:30:00,45.230139566368834
2026-01-04 17:40:00,46.32851732206515
2026-01-04 17:50:00,45.049613348115784
2026-01-04 18:00:00,46.16927794472506
2026-01-04 18:10:00,44.588517989750756
2026-01-04 18:20:00,45.90965522134887
2026-01-04 18:30:00,46.634570960640694
2026-01-04 18:40:00,43.501486230804744
2026-01-04 18:50:00,44.84075798454719
2026-01-04 19:00:00,45.94139505483007
2026-01-04 19:10:00,45.32075843318278
2026-01-04 19:20:00,45.78556567537628
2026-01-04 19:30:00,45.012913729948565
2026-01-04 19:40:00,45.57482630273031
2026-01-04 19:50:00,45.39246519161706
2026-01-04 20:00:00,46.46468447320565
2026-01-04 20:10:00,45.749445302546526
2026-01-04 20:20:00,45.83343634582903
2026-01-04 20:30:00,45.25329104163764
2026-01-04 20:40:00,45.21413507251814
2026-01-04 20:50:00,45.281585410816085
2026-01-04 21:00:00,45.96858469574417
2026-01-04 21:10:00,45.34359937722995
2026-01-04 21:20:00,45.94153684536615
2026-01-04 21:30:00,47.4013258869089
2026-01-04 21:40:00,46.47114307803453
2026-01-04 21:50:00,45.54860304509143
2026-01-04 22:00:00,46.80750198525066
2026-01-04 22:10:00,45.559099107727974
2026-01-04 22:20:00,44.295996311528
2026-01-04 22:30:00,45.16285902916375
2026-01-04 22:40:00,44.517409155593015
2026-01-04 22:50:00,45.779415114606245
2026-01-04 23:00:00,46.123797780733966
2026-01-04 23:10:00,47.500488698509166
2026-01-04 23:20:00,46.4729790090028
2026-01-04 23:30:00,46.09006060350351
2026-01-04 23:40:00,46.98455750633571
2026-01-04 23:50:00,44.60958663510731
2026-01-05 00:00:00,46.62619921571183
2026-01-05 00:10:00,47.11534357681786
2026-01-05 00:20:00,45.37843707028178
2026-01-05 00:30:00,47.54065368223048
2026-01-05 00:40:00,46.96245995695779
2026-01-05 00:50:00,46.42709048547438
2026-01-05 01:00:00,47.334826839026626
2026-01-05 01:10:00,48.71603499842794
2026-01-05 01:20:00,47.11742757183947
2026-01-05 01:30:00,47.24451440530096
2026-01-05 01:40:00,46.75397650146612
2026-01-05 01:50:00,46.518614720697336
2026-01-05 02:00:00,47.941254769908106
2026-01-05 02:10:00,46.67205846813882
2026-01-05 02:20:00,47.4955334717958
2026-01-05 02:30:00,47.13889648169774
2026-01-05 02:40:00,47.98830616892256
2026-01-05 02:50:00,47.95748013894088
2026-01-05 03:00:00,48.60730866742477
2026-01-05 03:10:00,47.45725727568699
2026-01-05 03:20:00,47.73860036230431
2026-01-05 03:30:00,47.26192379979122
2026-01-05 03:40:00,47.781107003635626
2026-01-05 03:50:00,48.53112858516948
2026-01-05 04:00:00,48.92873230932011
2026-01-05 04:10:00,47.680335491996914
2026-01-05 04:20:00,49.20971796742575
2026-01-05 04:30:00,49.69551376201249
2026-01-05 04:40:00,49.03969162186586
2026-01-05 04:50:00,50.3092553834295
2026-01-05 05:00:00,48.288561673149296
2026-01-05 05:10:00,48.01250692926634
2026-01-05 05:20:00,47.68671926285811
2026-01-05 05:30:00,50.40878621113707
2026-01-05 05:40:00,49.83845222000521
2026-01-05 05:50:00,49.37421732585269
2026-01-05 06:00:00,49.74706428108529
2026-01-05 06:10:00,48.727743652964016
2026-01-05 06:20:00,51.69038516566118
2026-01-05 06:30:00,49.94337414490733
2026-01-05 06:40:00,50.03425309840467
2026-01-05 06:50:00,50.63457838053585
2026-01-05 07:00:00,50.5464491549777
2026-01-05 07:10:00,50.448835481289315
2026-01-05 07:20:00,49.745805764608406
2026-01-05 07:30:00,50.864148279082876
2026-01-05 07:40:00,52.101673142289556
2026-01-05 07:50:00,51.78172159443923
2026-01-05 08:00:00,52.08947920442604
2026-01-05 08:10:00,50.51567422835531
2026-01-05 08:20:00,50.24281241905241
2026-01-05 08:30:00,51.043808949844774
2026-01-05 08:40:00,51.299013359778975
2026-01-05 08:50:00,52.23979432946615
2026-01-05 09:00:00,50.120449838640134
2026-01-05 09:10:00,52.807974981850144
2026-01-05 09:20:00,51.56773438749767
2026-01-05 09:30:00,51.46229470963425
2026-01-05 09:40:00,51.10358794555643
2026-01-05 09:50:00,50.69863122596345
2026-01-05 10:00:00,52.79003169311629
2026-01-05 10:10:00,52.29882222084592
2026-01-05 10:20:00,51.31652624337957
2026-01-05 10:30:00,51.42037423099596
2026-01-05 10:40:00,52.295327772482
2026-01-05 10:50:00,54.00622803119643
2026-01-05 11:00:00,52.569891187894726
2026-01-05 11:10:00,51.68106292738973
2026-01-05 11:20:00,52.79241702246764
2026-01-05 11:30:00,52.875649796346785
2026-01-05 11:40:00,51.040481589153245
2026-01-05 11:50:00,53.25802467496571
2026-01-05 12:00:00,53.21945263938259
2026-01-05 12:10:00,54.063137990828196
2026-01-05 12:20:00,55.086506566595986
2026-01-05 12:30:00,54.608922199877284
2026-01-05 12:40:00,53.59201127714567
2026-01-05 12:50:00,53.02044134807299
2026-01-05 13:00:00,56.061942144515506
2026-01-05 13:10:00,54.14723862563002
2026-01-05 13:20:00,54.206599599433154
2026-01-05 13:30:00,54.27069686291084
2026-01-05 13:40:00,54.5419201759452
2026-01-05 13:50:00,54.36030076350259
2026-01-05 14:00:00,54.108044574638534
2026-01-05 14:10:00,54.21948800669302
2026-01-05 14:20:00,54.71955742017548
2026-01-05 14:30:00,54.39855748432821
2026-01-05 14:40:00,54.349279318336166
2026-01-05 14:50:00,55.08964964979319
2026-01-05 15:00:00,54.88413412197774
2026-01-05 15:10:00,56.373552180982344
2026-01-05 15:20:00,53.13042641173997
2026-01-05 15:30:00,56.20382644962808
2026-01-05 15:40:00,56.40545431046705
2026-01-05 15:50:00,53.82635845649911
2026-01-05 16:00:00,55.28589776179177
2026-01-05 16:10:00,55.336339061556004
2026-01-05 16:20:00,54.579367665823945
2026-01-05 16:30:00,55.15342553944217
2026-01-05 16:40:00,54.95591256579067
2026-01-05 16:50:00,57.313252961327905
2026-01-05 17:00:00,56.725388876728786
2026-01-05 17:10:00,57.0578238259445
2026-01-05 17:20:00,56.67995353232387
2026-01-05 17:30:00,55.259692328902595
2026-01-05 17:40:00,55.80189700881547
2026-01-05 17:50:00,56.66983453082158
2026-01-05 18:00:00,55.35567775472683
2026-01-05 18:10:00,56.95702931253708
2026-01-05 18:20:00,56.245808967343
2026-01-05 18:30:00,56.187822937281126
2026-01-05 18:40:00,57.104213595728865
2026-01-05 18:50:00,56.93676294668642
2026-01-05 19:00:00,56.33661232147217
2026-01-05 19:10:00,57.59499472502199
2026-01-05 19:20:00,55.842925666208345
2026-01-05 19:30:00,57.23885798378461
2026-01-05 19:40:00,57.25700006964177
2026-01-05 19:50:00,56.56935731248064
2026-01-05 20:00:00,57.110432332187145
2026-01-05 20:10:00,55.87921354526778
2026-01-05 20:20:00,57.64794332812651
2026-01-05 20:30:00,56.78744868172351
2026-01-05 20:40:00,56.54186536906612
2026-01-05 20:50:00,57.821943412082554
2026-01-05 21:00:00,56.43996710351345
2026-01-05 21:10:00,55.895388543731194
2026-01-05 21:20:00,55.79357578512716
2026-01-05 21:30:00,57.53841196187316
2026-01-05 21:40:00,56.04198684349222
2026-01-05 21:50:00,58.48089235712193
2026-01-05 22:00:00,55.42024024596437
2026-01-05 22:10:00,58.44967621561463
2026-01-05 22:20:00,57.26605434445101
2026-01-05 22:30:00,57.02260314412771
2026-01-05 22:40:00,56.66477855094258
2026-01-05 22:50:00,57.4187735302734
2026-01-05 23:00:00,57.066122830416695
2026-01-05 23:10:00,57.97365848414344
2026-01-05 23:20:00,57.17521200548887
2026-01-05 23:30:00,57.194917604224635
2026-01-05 23:40:00,56.7726737994719
2026-01-05 23:50:00,57.00494395891866
2026-01-06 00:00:00,57.281737505067234
2026-01-06 00:10:00,55.65042575670961
2026-01-06 00:20:00,55.921156040747256
2026-01-06 00:30:00,57.57355063401862
2026-01-06 00:40:00,57.09297007204465
2026-01-06 00:50:00,56.78454586579853
2026-01-06 01:00:00,56.92006476688581
2026-01-06 01:10:00,57.15511291197424
2026-01-06 01:20:00,56.415129883910105
2026-01-06 01:30:00,56.19236012896661
2026-01-06 01:40:00,56.93793937208797
2026-01-06 01:50:00,55.96303468194684
2026-01-06 02:00:00,57.03503353744953
2026-01-06 02:10:00,55.3073104951385
2026-01-06 02:20:00,57.451915175783384
2026-01-06 02:30:00,56.96416949900246
2026-01-06 02:40:00,56.746724710392364
2026-01-06 02:50:00,57.282193362204396
2026-01-06 03:00:00,57.78091237236047
2026-01-06 03:10:00,57.210896706523464
2026-01-06 03:20:00,54.87596835921867
2026-01-06 03:30:00,55.272696809085154
2026-01-06 03:40:00,55.74264263383939
2026-01-06 03:50:00,56.207983472526315
2026-01-06 04:00:00,56.54435116581167
2026-01-06 04:10:00,55.49126915449457
2026-01-06 04:20:00,56.161472157672385
2026-01-06 04:30:00,55.34652915203059
2026-01-06 04:40:00,55.39900871044485
2026-01-06 04:50:00,54.6989212814414
2026-01-06 05:00:00,55.020360111404365
2026-01-06 05:10:00,54.61099504084476
2026-01-06 05:20:00,54.843770252248014
2026-01-06 05:30:00,56.39826968596935
2026-01-06 05:40:00,54.725517444423325
2026-01-06 05:50:00,57.51944755772741
2026-01-06 06:00:00,55.73555922127079
2026-01-06 06:10:00,55.415027496274696
2026-01-06 06:20:00,54.50565027337925
2026-01-06 06:30:00,55.67672043642239
2026-01-06 06:40:00,54.57909079088638
2026-01-06 06:50:00,55.05936465762274
2026-01-06 07:00:00,56.931042566130785
2026-01-06 07:10:00,54.72644303649307
2026-01-06 07:20:00,55.64215940560591
2026-01-06 07:30:00,54.07881938321
2026-01-06 07:40:00,54.531196054949255
2026-01-06 07:50:00,55.89289709743939
2026-01-06 08:00:00,53.89103327670115
2026-01-06 08:10:00,55.758234158367145
2026-01-06 08:20:00,54.7895010398006
2026-01-06 08:30:00,53.68774403368155
2026-01-06 08:40:00,54.55749362764053
2026-01-06 08:50:00,54.74293145986413
2026-01-06 09:00:00,54.375165489999965
2026-01-06 09:10:00,52.53391539153438
2026-01-06 09:20:00,53.12035015280781
2026-01-06 09:30:00,53.41563600665426
2026-01-06 09:40:00,53.46536085533307
2026-01-06 09:50:00,53.9324071220751
2026-01-06 10:00:00,53.488736870051625
2026-01-06 10:10:00,52.188791707486295
2026-01-06 10:20:00,53.47154090651441
2026-01-06 10:30:00,53.56603083580016
2026-01-06 10:40:00,53.435478325216984
2026-01-06 10:50:00,53.76229835723124
2026-01-06 11:00:00,53.47482338450534
2026-01-06 11:10:00,53.08506568040805
2026-01-06 11:20:00,52.5716890643864
2026-01-06 11:30:00,51.209256926302785
2026-01-06 11:40:00,52.792068232075565
2026-01-06 11:50:00,52.52505559772734
2026-01-06 12:00:00,52.48692390651506
2026-01-06 12:10:00,51.159280662924125
2026-01-06 12:20:00,51.22715587134446
2026-01-06 12:30:00,52.846187333753335
2026-01-06 12:40:00,51.88406657985664
2026-01-06 12:50:00,52.373377801571124
2026-01-06 13:00:00,51.76375839027169
2026-01-06 13:10:00,51.67833378375278
2026-01-06 13:20:00,52.319118469463476
2026-01-06 13:30:00,51.07019398207532
2026-01-06 13:40:00,51.475078701003646
2026-01-06 13:50:00,50.94416607993693
2026-01-06 14:00:00,50.882883158108996
2026-01-06 14:10:00,50.9003632733631
2026-01-06 14:20:00,51.243392938891446
2026-01-06 14:30:00,50.60147289986067
2026-01-06 14:40:00,51.908699987855215
2026-01-06 14:50:00,50.108906103906506
2026-01-06 15:00:00,50.59650086078669
2026-01-06 15:10:00,50.31656437240852
2026-01-06 15:20:00,51.74926244431941
2026-01-06 15:30:00,50.67326942123191
2026-01-06 15:40:00,51.26689550483801
2026-01-06 15:50:00,49.17944850329469
2026-01-06 16:00:00,50.50913001022043
2026-01-06 16:10:00,50.93593646287091
2026-01-06 16:20:00,50.21998258579494
2026-01-06 16:30:00,50.93767683509361
2026-01-06 16:40:00,49.603844036388175
2026-01-06 16:50:00,51.07881118086888
2026-01-06 17:00:00,51.72541687030569
2026-01-06 17:10:00,49.53232939313269
2026-01-06 17:20:00,49.4038663040954
2026-01-06 17:30:00,50.86203912810681
2026-01-06 17:40:00,50.903476011426854
2026-01-06 17:50:00,49.16346835316
2026-01-06 18:00:00,49.189023560721324
2026-01-06 18:10:00,49.24466716276034
2026-01-06 18:20:00,48.34098750680939
2026-01-06 18:30:00,48.62963607650517
2026-01-06 18:40:00,48.51083618990433
2026-01-06 18:50:00,48.65110753912446
2026-01-06 19:00:00,49.190423611993126
2026-01-06 19:10:00,49.36002125428884
2026-01-06 19:20:00,50.3692020366153
2026-01-06 19:30:00,48.28796635404101
2026-01-06 19:40:00,49.833672083975706
2026-01-06 19:50:00,48.83632448017085
2026-01-06 20:00:00,48.93100227277894
2026-01-06 20:10:00,49.475261594080614
2026-01-06 20:20:00,48.00385428813846
2026-01-06 20:30:00,49.17639610563457
2026-01-06 20:40:00,48.97389360570326
2026-01-06 20:50:00,49.20679940599314
2026-01-06 21:00:00,49.01813805165136
2026-01-06 21:10:00,50.72688059390373
2026-01-06 21:20:00,48.230172112345464
2026-01-06 21:30:00,48.29518933996458
2026-01-06 21:40:00,48.20300862797091
2026-01-06 21:50:00,48.240596229818664
2026-01-06 22:00:00,48.16045845112879
2026-01-06 22:10:00,49.608914805062795
2026-01-06 22:20:00,49.78339067547778
2026-01-06 22:30:00,48.18163649815076
2026-01-06 22:40:00,47.96556339513811
2026-01-06 22:50:00,49.00376940166035
2026-01-06 23:00:00,48.182028334679984
2026-01-06 23:10:00,49.12930788439388
2026-01-06 23:20:00,48.786446695081665
2026-01-06 23:30:00,47.41465256828696
2026-01-06 23:40:00,49.870388084985514
2026-01-06 23:50:00,50.07622055730079
2026-01-07 00:00:00,48.15842154277365
2026-01-07 00:10:00,48.34962525534482
2026-01-07 00:20:00,48.90161230621739
2026-01-07 00:30:00,48.95561714883185
2026-01-07 00:40:00,49.2320150424292
2026-01-07 00:50:00,50.33246449993257
2026-01-07 01:00:00,48.60385402436031
2026-01-07 01:10:00,48.129870200745366
2026-01-07 01:20:00,47.69012882227209
2026-01-07 01:30:00,48.235890373046345
2026-01-07 01:40:00,48.823150203176645
2026-01-07 01:50:00,50.316275022232205
2026-01-07 02:00:00,48.49946782910139
2026-01-07 02:10:00,49.12745738657869
2026-01-07 02:20:00,48.97209094164418
2026-01-07 02:30:00,49.974667470261174
2026-01-07 02:40:00,51.08613225991709
2026-01-07 02:50:00,48.682422394337785
2026-01-07 03:00:00,48.75998156985593
2026-01-07 03:10:00,50.03314839264111
2026-01-07 03:20:00,49.791475795581945
2026-01-07 03:30:00,50.77331247049176
2026-01-07 03:40:00,49.81489826824731
2026-01-07 03:50:00,49.113939542419345
2026-01-07 04:00:00,49.92930551723154
2026-01-07 04:10:00,50.400925738573235
2026-01-07 04:20:00,50.229283756438896
2026-01-07 04:30:00,50.0393867202872
2026-01-07 04:40:00,50.549290814425184
2026-01-07 04:50:00,50.69546423717043
2026-01-07 05:00:00,50.931503168455514
2026-01-07 05:10:00,50.412141310723236
2026-01-07 05:20:00,49.828502621437636
2026-01-07 05:30:00,50.15019437520778
2026-01-07 05:40:00,51.070235349244264
2026-01-07 05:50:00,49.52523792176397
2026-01-07 06:00:00,50.54901142224895
2026-01-07 06:10:00,50.01618996631401
2026-01-07 06:20:00,50.43212032957537
2026-01-07 06:30:00,51.51159732992335
2026-01-07 06:40:00,50.72284649680769
2026-01-07 06:50:00,50.68963946980648
2026-01-07 07:00:00,49.648490889498206
2026-01-07 07:10:00,51.41859725897589
2026-01-07 07:20:00,51.42450330537558
2026-01-07 07:30:00,52.72651364025472
2026-01-07 07:40:00,50.838722409115285
2026-01-07 07:50:00,51.350510019999334
2026-01-07 08:00:00,51.4661189981199
2026-01-07 08:10:00,52.621141936910035
2026-01-07 08:20:00,51.3766220960024
2026-01-07 08:30:00,51.77083343164177
2026-01-07 08:40:00,52.129735690271424
2026-01-07 08:50:00,51.88951831909441
2026-01-07 09:00:00,51.48087221374459
2026-01-07 09:10:00,52.092019621204365
2026-01-07 09:20:00,52.89528649873755
2026-01-07 09:30:00,51.31567143355839
2026-01-07 09:40:00,52.344594893096584
2026-01-07 09:50:00,51.780254360003326
2026-01-07 10:00:00,53.39927970324286
2026-01-07 10:10:00,51.328306643084176
2026-01-07 10:20:00,52.204017394307336
2026-01-07 10:30:00,53.05787030157393
2026-01-07 10:40:00,54.1140752053898
2026-01-07 10:50:00,52.91518198791202
2026-01-07 11:00:00,52.63028137927165
2026-01-07 11:10:00,54.686519390893224
2026-01-07 11:20:00,52.13079042478643
2026-01-07 11:30:00,51.638180626847536
2026-01-07 11:40:00,53.85763763222796
2026-01-07 11:50:00,53.21272085080628
2026-01-07 12:00:00,52.90641412280536
2026-01-07 12:10:00,54.399380059555305
2026-01-07 12:20:00,54.13724866444075
2026-01-07 12:30:00,53.60063724709838
2026-01-07 12:40:00,53.13748768608086
2026-01-07 12:50:00,54.96962718895092
2026-01-07 13:00:00,54.901811491270124
2026-01-07 13:10:00,54.41231819137124
2026-01-07 13:20:00,56.078955925643506
2026-01-07 13:30:00,53.85550508543259
2026-01-07 13:40:00,53.600978489427746
2026-01-07 13:50:00,54.37755713096619
2026-01-07 14:00:00,55.004119098868784
2026-01-07 14:10:00,55.34454336447222
2026-01-07 14:20:00,55.06590671153921
2026-01-07 14:30:00,55.649263883418264
2026-01-07 14:40:00,54.47477280652621
2026-01-07 14:50:00,56.739022231501856
2026-01-07 15:00:00,55.6258780334165
2026-01-07 15:10:00,56.692567264744866
2026-01-07 15:20:00,56.179546848026405
2026-01-07 15:30:00,56.376870816707005
2026-01-07 15:40:00,56.57281099965635
2026-01-07 15:50:00,56.580082014901855
2026-01-07 16:00:00,56.84036246160312
2026-01-07 16:10:00,57.49308875766583
2026-01-07 16:20:00,56.689842114461264
2026-01-07 16:30:00,57.201925457064426
2026-01-07 16:40:00,56.66423316133355
2026-01-07 16:50:00,57.9885802338837
2026-01-07 17:00:00,56.39496666294073
2026-01-07 17:10:00,58.47552035986526
2026-01-07 17:20:00,57.100387158036796
2026-01-07 17:30:00,56.08466184491252
2026-01-07 17:40:00,57.42752206742683
2026-01-07 17:50:00,56.87490772174981
2026-01-07 18:00:00,58.185894423420905
2026-01-07 18:10:00,57.08379751446125
2026-01-07 18:20:00,57.34032064043623
2026-01-07 18:30:00,56.27582652360134
2026-01-07 18:40:00,57.51459473493755
2026-01-07 18:50:00,56.0250743844262
2026-01-07 19:00:00,56.78351992556502
2026-01-07 19:10:00,58.74413395041289
2026-01-07 19:20:00,58.84826803707116
2026-01-07 19:30:00,58.64245576245498
2026-01-07 19:40:00,57.60957773987252
2026-01-07 19:50:00,58.42463722665846
2026-01-07 20:00:00,58.53812279921262
2026-01-07 20:10:00,57.691035185266564
2026-01-07 20:20:00,59.89566458744337
2026-01-07 20:30:00,59.468525608442434
2026-01-07 20:40:00,58.6619996163347
2026-01-07 20:50:00,58.93083530623544
2026-01-07 21:00:00,59.14498484380348
2026-01-07 21:10:00,57.412215371880805
2026-01-07 21:20:00,58.91353581144827
2026-01-07 21:30:00,58.62969228654655
2026-01-07 21:40:00,58.436291565081355
2026-01-07 21:50:00,59.07330022885953
2026-01-07 22:00:00,60.79518734445982
2026-01-07 22:10:00,59.92681530303797
2026-01-07 22:20:00,59.01252710795001
2026-01-07 22:30:00,59.98107407821477
